[{"model": "music.playlisttrack", "pk": 4, "fields": {"playlist": 3, "track": 8, "position": 0, "added_at": "2025-04-02T21:37:21.720Z"}}, {"model": "music.playlisttrack", "pk": 5, "fields": {"playlist": 4, "track": 10, "position": 0, "added_at": "2025-04-04T05:52:25.022Z"}}, {"model": "music.playlisttrack", "pk": 6, "fields": {"playlist": 4, "track": 6, "position": 0, "added_at": "2025-04-04T06:31:04.683Z"}}, {"model": "music.playlisttrack", "pk": 7, "fields": {"playlist": 4, "track": 3, "position": 0, "added_at": "2025-04-04T06:31:09.708Z"}}, {"model": "music.playlisttrack", "pk": 8, "fields": {"playlist": 4, "track": 1, "position": 0, "added_at": "2025-04-04T06:31:46.982Z"}}, {"model": "music.playlisttrack", "pk": 9, "fields": {"playlist": 4, "track": 2, "position": 0, "added_at": "2025-04-04T06:31:50.531Z"}}]