[{"model": "music.track", "pk": 10, "fields": {"title": "Take it slowly", "artist": "flowtami", "album": null, "audio_file": "tracks/youtube_bamxOeUiPnY_audio_YeMTcdQ.mp3", "cover": "covers/photo_2025-04-03_16-51-37.jpg", "duration": 133, "play_count": 89, "user": 1, "created_at": "2025-04-03T13:53:47.531Z", "is_approved": true, "moderation_comment": ""}}, {"model": "music.track", "pk": 8, "fields": {"title": "Zn Fodástica 2", "artist": "Oliveira Mc 011, DJ 7W, DJ MENOR NK", "album": null, "audio_file": "tracks/youtube_CP5iJuur-fI_audio_QoheV3P.mp3", "cover": "covers/5_9bR88hL.jpg", "duration": 120, "play_count": 37, "user": 2, "created_at": "2025-04-02T17:36:07.133Z", "is_approved": true, "moderation_comment": ""}}, {"model": "music.track", "pk": 6, "fields": {"title": "Empty Out Your Pockets", "artist": "Juice WRLD", "album": null, "audio_file": "tracks/youtube_VHY287m5FTo_audio.mp3", "cover": "covers/3.jpg", "duration": 140, "play_count": 46, "user": 4, "created_at": "2025-04-02T17:15:11.692Z", "is_approved": true, "moderation_comment": ""}}, {"model": "music.track", "pk": 5, "fields": {"title": "LIARY (от слушателя Disgen123)", "artist": "UdieNnx, HXVSAGE, DJ PORTU", "album": null, "audio_file": "tracks/youtube_bokNNlbNx94_audio.mp3", "cover": "covers/2.jpg", "duration": 90, "play_count": 22, "user": 2, "created_at": "2025-04-02T17:12:46.564Z", "is_approved": true, "moderation_comment": null}}, {"model": "music.track", "pk": 4, "fields": {"title": "малышка в uniqlo (от слушателя Disgen123)", "artist": "nessqchai, usedbefore", "album": null, "audio_file": "tracks/youtube_pzElaF4kd2A_audio.mp3", "cover": "covers/1.jpg", "duration": 99, "play_count": 23, "user": 2, "created_at": "2025-04-02T17:10:38.039Z", "is_approved": true, "moderation_comment": null}}, {"model": "music.track", "pk": 3, "fields": {"title": "TEEN", "artist": "IVOXYGEN", "album": null, "audio_file": "tracks/youtube_OXAgz3vHTB0_audio.mp3", "cover": "covers/Без_названия.jpg", "duration": 185, "play_count": 49, "user": 2, "created_at": "2025-04-02T16:29:18.906Z", "is_approved": true, "moderation_comment": null}}, {"model": "music.track", "pk": 2, "fields": {"title": "COLD", "artist": "usedbefore, NTPV", "album": null, "audio_file": "tracks/youtube_ZD5x3IVbtEE_audio.mp3", "cover": "covers/photo_2025-01-09_21-18-13.jpg", "duration": 110, "play_count": 33, "user": 4, "created_at": "2025-04-02T15:48:31.000Z", "is_approved": true, "moderation_comment": null}}, {"model": "music.track", "pk": 1, "fields": {"title": "Turban", "artist": "YEAT", "album": null, "audio_file": "tracks/youtube_yvtvUYXDNkQ_audio_Aw4gREi.mp3", "cover": "covers/0x1900-000000-80-0-0_6ibVVgD.jpg", "duration": 155, "play_count": 29, "user": 2, "created_at": "2025-04-02T15:30:04.650Z", "is_approved": true, "moderation_comment": null}}]