[{"model": "auth.user", "pk": 1, "fields": {"password": "pbkdf2_sha256$720000$fjejzO6RPbFZqteIgRJ5Z6$RcMCaZ8ePWKT5yBO0Q2YecAc7Mb9aFvcrkOCOtZB4HQ=", "last_login": "2025-04-04T16:55:59.871Z", "is_superuser": true, "username": "disgen", "first_name": "", "last_name": "", "email": "kuvarin2005@mail.ru", "is_staff": true, "is_active": true, "date_joined": "2025-04-02T15:15:05.895Z", "groups": [], "user_permissions": []}}, {"model": "auth.user", "pk": 2, "fields": {"password": "pbkdf2_sha256$720000$CVWlzM9EfOir7veSDOK5ek$vGLH3iK983E48PgwP2e6VwYKU7lyS4Jv0mZsjhoJGtw=", "last_login": "2025-04-04T16:39:35.426Z", "is_superuser": false, "username": "Disgen123", "first_name": "", "last_name": "", "email": "kuvarin2006@mail.ru", "is_staff": false, "is_active": true, "date_joined": "2025-04-02T15:21:25.179Z", "groups": [], "user_permissions": []}}, {"model": "auth.user", "pk": 3, "fields": {"password": "pbkdf2_sha256$720000$u7aT0mFU6p0TTpk2KOA42s$QB43OrOl+yT6AaMSJ1tF5tWIhNIjIX0mnI6X071Jujs=", "last_login": "2025-04-02T15:40:04.702Z", "is_superuser": false, "username": "Disgen321", "first_name": "", "last_name": "", "email": "kuvarin2005@mail.ru", "is_staff": false, "is_active": true, "date_joined": "2025-04-02T15:40:04.428Z", "groups": [], "user_permissions": []}}, {"model": "auth.user", "pk": 4, "fields": {"password": "pbkdf2_sha256$720000$9McyuTVMzWb3Nrq1VrExPk$zsn5trLfWaSlCkGXnOTj6b162lyAkXFSlH+FTUMzxDg=", "last_login": "2025-04-04T07:59:32.537Z", "is_superuser": false, "username": "Disgen1234", "first_name": "", "last_name": "", "email": "123321Qwe!@mail.ru", "is_staff": false, "is_active": true, "date_joined": "2025-04-02T15:46:47.449Z", "groups": [], "user_permissions": []}}, {"model": "auth.user", "pk": 5, "fields": {"password": "pbkdf2_sha256$720000$bLIO2OXUme3M98izufSomr$gkObOew6DT9TbDjkBmtWcgQK13ImK58UyIHjvrxyrZU=", "last_login": "2025-04-04T07:31:51.849Z", "is_superuser": false, "username": "Disgen12345", "first_name": "", "last_name": "", "email": "kuvarin2006@mail.ru", "is_staff": false, "is_active": true, "date_joined": "2025-04-04T07:31:51.150Z", "groups": [], "user_permissions": []}}, {"model": "auth.user", "pk": 6, "fields": {"password": "pbkdf2_sha256$720000$i87fFQYSVHrw2aK6ODHmr1$TM2EQ+lqR57GwWnYiElYkVB2IMGy8suGkRDNfAR7D3o=", "last_login": "2025-04-04T10:14:02.266Z", "is_superuser": false, "username": "VChibuk", "first_name": "", "last_name": "", "email": "cgpt4088@gmail.com", "is_staff": false, "is_active": true, "date_joined": "2025-04-04T10:13:59.854Z", "groups": [], "user_permissions": []}}, {"model": "auth.user", "pk": 7, "fields": {"password": "pbkdf2_sha256$720000$Ww9pm4u6E0CXG46e8eTQbL$lNISvWsK6oPbfkGrds7gRqIDthOKekI71MdihL0TxAk=", "last_login": "2025-04-04T16:55:42.666Z", "is_superuser": false, "username": "Disgen987", "first_name": "", "last_name": "", "email": "123321Qwe!@mail.ru", "is_staff": false, "is_active": true, "date_joined": "2025-04-04T16:55:42.369Z", "groups": [], "user_permissions": []}}]